iteration;indicator:mode_share:bicycle;indicator:mode_share:car;indicator:mode_share:car_passenger;indicator:mode_share:drt;indicator:mode_share:pt;indicator:mode_share:walk;criterion:mode_share:bicycle;criterion:mode_share:car;criterion:mode_share:car_passenger;criterion:mode_share:drt;criterion:mode_share:pt;criterion:mode_share:walk
0;0.013030389094007385;0.6103890940073843;0.15777335984095428;0.0;0.10380005680204488;0.1150071002556092;NaN;NaN;NaN;NaN;NaN;NaN
1;0.013627114702633569;0.6073193418987268;0.15561885936864137;0.007162374280565083;0.10179640718562874;0.11447590256380442;NaN;NaN;NaN;NaN;NaN;NaN
2;0.014609790642592747;0.6035003987193372;0.15360216141587021;0.014199169235530058;0.10027493781168545;0.11381354217498423;NaN;NaN;NaN;NaN;NaN;NaN
3;0.01559754087893511;0.6011103746450267;0.15106203138967098;0.0213926506090034;0.09794525962456445;0.11289214285279935;NaN;NaN;NaN;NaN;NaN;NaN
4;0.016196969039037733;0.5973213898004379;0.15034459656458007;0.028150840865244442;0.09622029366699131;0.11176591006370849;NaN;NaN;NaN;NaN;NaN;NaN
5;0.016872000709067195;0.5949453638401053;0.14847993719690541;0.03517479772592021;0.09387543208782304;0.11065246844017879;NaN;NaN;NaN;NaN;NaN;NaN
6;0.017834714895754836;0.5927707894550397;0.14605272480178283;0.04146619519641374;0.09252281671271875;0.10935275893829022;NaN;NaN;NaN;NaN;NaN;NaN
7;0.01871459423267538;0.5914231887673049;0.14290309240453983;0.04847020828273413;0.0900217275716977;0.10846718874104805;NaN;NaN;NaN;NaN;NaN;NaN
8;0.019249155885400996;0.5887005649717514;0.1416441012268913;0.05505298699562063;0.08731989436031157;0.10803329656002407;NaN;NaN;NaN;NaN;NaN;NaN
9;0.019810519881829605;0.5863832388196543;0.13994363136269483;0.06104112193962444;0.08570070291011579;0.10712078508608103;NaN;NaN;NaN;NaN;NaN;NaN
10;0.020478995547443236;0.5850134129815537;0.13753145828147903;0.06765950385796067;0.08320888298902071;0.10610774634254266;NaN;NaN;NaN;NaN;NaN;NaN
11;0.021298089064736087;0.5839646996099559;0.13509133765468473;0.07328057917333108;0.08148132558857367;0.10488396890871847;NaN;NaN;NaN;NaN;NaN;NaN
12;0.02186481881500809;0.5812320436868633;0.13304959685180828;0.07966008654675592;0.07975276429197767;0.10444068980758674;NaN;NaN;NaN;NaN;NaN;NaN
13;0.022457354186418477;0.5786586380841409;0.13129193112981552;0.08561730584122802;0.07784444138869388;0.10413032936970319;NaN;NaN;NaN;NaN;NaN;NaN
14;0.023239907922896458;0.5761952740617623;0.12951100586145778;0.09191530671530378;0.07554440955189633;0.10359409588668339;NaN;NaN;NaN;NaN;NaN;NaN
15;0.024105545617173523;0.5743887895050686;0.1275939177101968;0.09734645199761478;0.07382230172927848;0.10274299344066785;NaN;NaN;NaN;NaN;NaN;NaN
16;0.02464661382199584;0.5730883992887067;0.12633744235811808;0.10209771240845113;0.07175472437385093;0.1020751077488773;NaN;NaN;NaN;NaN;NaN;NaN
17;0.025134677308590352;0.5722068765547026;0.12395653700001526;0.10781815129641216;0.06974987409770018;0.1011338837425794;NaN;NaN;NaN;NaN;NaN;NaN
18;0.025878117926969632;0.5712188979784169;0.1224073602002271;0.11315303623708992;0.0676770719875167;0.09966551566977977;NaN;NaN;NaN;NaN;NaN;NaN
19;0.02636559879864848;0.5683112251282693;0.12182455262169942;0.11863346264547617;0.06601958453259918;0.09884557627330746;NaN;NaN;NaN;NaN;NaN;NaN
20;0.02681777201334957;0.566463154231846;0.12000379608686712;0.12323046992392009;0.06505543868528858;0.09842936905872862;NaN;NaN;NaN;NaN;NaN;NaN
21;0.027380857348128042;0.5651951784146244;0.11919054841542269;0.12756446076474814;0.06323940288975813;0.09742955216731859;NaN;NaN;NaN;NaN;NaN;NaN
22;0.02797405865840674;0.5638773271383861;0.11818797793050044;0.13198141515826153;0.060836317878230566;0.09714290323621463;NaN;NaN;NaN;NaN;NaN;NaN
23;0.028521877900633458;0.5615300688824114;0.11761305346121904;0.135924701590972;0.05938868895438779;0.09702160921037634;NaN;NaN;NaN;NaN;NaN;NaN
24;0.029284191639437362;0.5592062486110997;0.11587749693413114;0.14057728870196462;0.05822270142141087;0.09683207269195632;NaN;NaN;NaN;NaN;NaN;NaN
25;0.02951282264088306;0.5583367914349738;0.11480620798406507;0.14462611005062662;0.056726699311146156;0.09599136857830526;NaN;NaN;NaN;NaN;NaN;NaN
26;0.029974944064089563;0.556308816505074;0.11343048444269398;0.14896130994779316;0.05562585370350197;0.09569859133684731;NaN;NaN;NaN;NaN;NaN;NaN
27;0.030368616841393303;0.5552756171795739;0.11157423063916132;0.15285762597226918;0.054447074737910044;0.09547683462969225;NaN;NaN;NaN;NaN;NaN;NaN
28;0.03082527792234385;0.5540530164065899;0.11011099830217816;0.15684802361593392;0.052641008796252844;0.09552167495670127;NaN;NaN;NaN;NaN;NaN;NaN
29;0.03143269825985281;0.5533220991815118;0.1086388334823578;0.16031020015131714;0.05141343971387303;0.09488272921108742;NaN;NaN;NaN;NaN;NaN;NaN
30;0.031952417179611316;0.5520523549346428;0.10799502040251746;0.16315097862922748;0.05051352099038661;0.09433570786361435;NaN;NaN;NaN;NaN;NaN;NaN
31;0.03235519353940407;0.5508214981899192;0.10750835421888054;0.16642300194931775;0.04888088276246171;0.09401106934001671;0.00527071297584976;0.01779553458266081;0.015666649694204005;0.05379484616440275;0.017401086682701114;0.0062022881806863975
32;0.03266300822273261;0.5490295772919334;0.10622052351982046;0.17024037028595473;0.04838087557199713;0.09346564510756177;0.005152890582413577;0.017271629782607434;0.015259044581683368;0.05242337175138412;0.017104293650047425;0.005941294319459487
33;0.0328241851276986;0.548178001975448;0.10519260618033018;0.17338083815436714;0.047648864117398056;0.092775504444758;0.00501088940156707;0.01686653966630658;0.014851422329146394;0.051096740810190194;0.016730025112389246;0.005659643103915064
34;0.03324379670753438;0.547662739466149;0.10409297625063163;0.17628963768694095;0.04657677544036949;0.0921340744483746;0.004870283642264683;0.016441954517472768;0.014464178648995296;0.049763179822198245;0.01631181803225981;0.005415512265735113
35;0.03356296844225405;0.5464543210316647;0.10320211751495005;0.17906191235840901;0.04605773258352866;0.09166094806919355;0.004732178488008183;0.01592251511671383;0.014083912954883121;0.04840545095328165;0.015909204115363187;0.0052219972543296475
36;0.03386838025076403;0.5455506860609971;0.10268061194310757;0.18196972548597853;0.045080167415015374;0.09085042884413734;0.004589664531699245;0.015482341529315491;0.013644412943739928;0.04700884792745895;0.015432684239769033;0.0050390737463337784
37;0.0341565380353008;0.5453153015163665;0.10173981205344673;0.1846489291731613;0.043454756777698694;0.09068466244402598;0.004430611735440589;0.015015748963079334;0.013161739277686463;0.04562012227348232;0.0149799488078615;0.004893296960295627
38;0.03449368521117197;0.5445566067629352;0.1005477343714635;0.18722556697297543;0.04317595400841972;0.09000045267303426;0.004286612795805657;0.014552793034358968;0.012691221951117382;0.04424677874914208;0.014514435742211201;0.004774940817260099
39;0.03456931598046438;0.5438505543277582;0.09958800578428965;0.18964466635744365;0.0427546315243786;0.08959282602566551;0.00415558061546819;0.014089940531075817;0.012244398547602647;0.04286723590834983;0.013999826280965279;0.004688651164174302
40;0.034745050770691795;0.5428902768646359;0.0990302432610125;0.19185112133830082;0.04234239170136606;0.08914091606399299;0.003989278504946421;0.013708506143476629;0.011759355055764753;0.041497446240000166;0.0134767779865224;0.004542085559182744
41;0.03489652135623073;0.5416299721121386;0.09880008806693087;0.19407749889916337;0.041327242037281664;0.0892686775282548;0.0038101144418160255;0.013284223494839709;0.011323435931979486;0.040121627287772646;0.012928683268022587;0.004395399034746923
42;0.03514335761039919;0.5401124734949756;0.09862634829906887;0.1963492209827602;0.040794689775974925;0.08897390983682124;0.0036292835537646085;0.012838569558081159;0.010903464691852702;0.03879227161557676;0.012423930716662965;0.004255590202744451
43;0.035445429039695546;0.5378945711454948;0.09864162893413705;0.1985055140420567;0.04051964406418697;0.08899321277442893;0.003457739796825313;0.012369406824825346;0.010507911643352214;0.0374506034777381;0.011916514673672794;0.004114510132713038
44;0.03552728253489951;0.5370571877644783;0.09784883234284758;0.20068264464347163;0.039851938654985444;0.08903211405931755;0.003291644752472838;0.012032678933467045;0.010112166801680075;0.036155524776604;0.011355218180313938;0.003947105613615749
45;0.03570229434806939;0.5365603432195486;0.0976776720761052;0.20235030777839955;0.03909718336131319;0.08861219921656407;0.0031115953292895184;0.01172205905251189;0.00975813186068901;0.03492150626264148;0.010796603149412894;0.0037563075293172024
46;0.0358308320944019;0.5361347209365387;0.0975342926870319;0.20387668658307387;0.03849570347929348;0.0881277642196602;0.0029256449573502085;0.01138419964115256;0.009371985980285116;0.033713240235657166;0.010303214629971455;0.0035794849415982663
47;0.03588108412266717;0.53567476319985;0.0970927506330301;0.2054768826784207;0.03795367157460377;0.08792084779142831;0.002761605663061076;0.01106819807231263;0.00900811024361578;0.0325050165710897;0.00980268422604716;0.0033876296921751545
48;0.03604214332118747;0.5350017418486193;0.09643250571985425;0.20728940108653693;0.037256729655678895;0.08797747836812322;0.002589996893788347;0.010728243573878582;0.008614781839091631;0.03126522399803816;0.009296599203796975;0.0032155962750593107
49;0.03619538148064297;0.5345445626745151;0.09587955625990491;0.20853143159006868;0.03711040676175383;0.08773866123311448;0.0024144977784175204;0.010376986694792256;0.008221111471984732;0.030075907780786004;0.008849762298699375;0.003042545093727118
49;0.03611371092014332;0.5342087599383609;0.095578433875039;0.2095540618470934;0.03674711893889976;0.08779791448046362;0.002256350421503445;0.010002706222478785;0.007812163263715006;0.028894563869061307;0.008402531897335613;0.0029335129070353497
